Cikk ID,Cikk Címe,Szerzõ
1,Cikk 1,John Doe
64,TesztCikk3,John Doe
2,Cikk 2,Jane Smith
3,Cikk 3,Michael Brown
53,TesztCikkCím,Michael Brown
4,Cikk 4,Sarah Johnson
55,TesztCikk,Sarah Johnson
63,TesztCikk,Sarah Johnson
5,Cikk 5,Emily Wilson
6,Cikk 6,Tell Vilmos
7,Cikk 7,Olivia Lee
8,Cikk 8,David Miller
9,Cikk 9,Sophia Wilson
10,Cikk 10,Ethan Anderson
11,Cikk 11,Isabella Taylor
12,Cikk 12,James Martinez
61,TesztCikkCimem123,James Martinez
62,TesztCikkUj12,James Martinez
13,Cikk 13,Mia Johnson
14,Cikk 14,Benjamin Wilson
15,Cikk 15,Chloe Davis
16,Cikk 16,Daniel Smith
17,Cikk 17,Ava Brown
18,Cikk 18,Henry Anderson
19,Cikk 19,Liam Martinez
20,Cikk 20,Sophia Taylor
21,Cikk 21,Ella Anderson
22,Cikk 22,Jackson Smith
23,Cikk 23,Oliver Davis
24,Cikk 24,Lily Taylor
25,Cikk 25,Noah Wilson
26,Cikk 26,Sophia Brown
27,Cikk 27,Lucas Johnson
28,Cikk 28,Emma Vagyok
29,Cikk 29,Rodriguez Alejandro
30,Cikk 30,Chuckle Nugget
31,Cikk 31,Carter Anderson
32,Cikk 32,Liam Smith
33,Cikk 33,Evelyn Taylor
34,Cikk 34,Henry Johnson
35,Cikk 35,Charlotte Brown
36,Cikk 36,William Davis
37,Cikk 37,Chloe Wilson
38,Cikk 38,James Smith
39,Cikk 39,Ava Martinez
40,Cikk 40,Mia Davis
41,Cikk 41,Noah Taylor
42,Cikk 42,Ella Brown
43,Cikk 43,Oliver Smith
44,Cikk 44,Sophia Johnson
45,Cikk 45,Lucas Davis
46,Cikk 46,Emma Lee
47,Cikk 47,Mason Martinez
48,Cikk 48,Ava Davis
49,Cikk 49,Carter Crab
50,Cikk 50,Alice Johnson
