Szekció Név,Elõadások Száma
Szekció 1,4
Szekció 2,4
Szekció 3,4
Szekció 4,4
Szekció 5,4
Szekció 6,0
Szekció 7,0
Szekció 8,0
Szekció 9,0
Szekció 10,1
Szekció 11,2
Szekció 12,2
Szekció 13,2
Szekció 14,2
Szekció 15,2
Szekció 16,2
Szekció 17,2
Szekció 18,2
Szekció 19,2
Szekció 20,1
Szekció 21,2
Szekció 22,2
Szekció 23,2
Szekció 24,2
Szekció 25,2
Szekció 26,0
Szekció 27,0
Szekció 28,0
Szekció 29,0
Szekció 30,0
Szekció 31,0
Szekció 32,0
Szekció 33,0
Szekció 34,0
Szekció 35,0
Szekció 36,0
Szekció 37,0
Szekció 38,0
Szekció 39,0
Szekció 40,0
Szekció 41,0
Szekció 42,0
Szekció 43,0
Szekció 44,0
Szekció 45,0
Szekció 46,0
Szekció 47,0
Szekció 48,0
Szekció 49,0
Szekció 50,0
